{
  "n_demos": 500,
  "n_rollouts": 10,
  "encoder": {
    "state_dim": 8,
    "latent_dim": 64
  },
  "g2": {
    "g_norm": 0.4880208373069763,
    "epsilon": 1.3210490942001343,
    "quantile": 0.95,
    "rollout_g2_distance": [
      0.9897882342338562,
      0.6642089486122131,
      0.9274300336837769,
      0.6408567428588867,
      0.6269855499267578,
      0.7141643166542053,
      0.5323503613471985,
      0.5123928785324097,
      0.5897690653800964,
      1.2723182439804077
    ]
  },
  "labels": {
    "ground_truth": [
      true,
      true,
      true,
      true,
      true,
      false,
      true,
      true,
      true,
      false
    ],
    "g2_predicted": [
      true,
      true,
      true,
      true,
      true,
      true,
      true,
      true,
      true,
      true
    ],
    "TP": 8,
    "FP": 2,
    "TN": 0,
    "FN": 0,
    "accuracy": 0.8,
    "precision": 0.8,
    "recall": 1.0,
    "f1": 0.888888888888889
  },
  "kde": {
    "bandwidth_h": 0.06120429574392756,
    "n_pos_latents": 2212,
    "n_neg_latents": 1040
  },
  "reward": {
    "trajectory_total": [
      1153.4842529296875,
      1083.672607421875,
      676.86474609375,
      1600.529052734375,
      2104.638427734375,
      -2727.4287109375,
      1244.591796875,
      859.7379150390625,
      948.6636962890625,
      -4147.880859375
    ],
    "success_mean": 1209.0228118896484,
    "success_std": 425.5064396083688,
    "fail_mean": -3437.65478515625,
    "fail_std": 710.22607421875,
    "separability_z": 4.091348570609932
  }
}